<?xml version="1.0" encoding="UTF-8"?>
<jcr:root xmlns:sling="http://sling.apache.org/jcr/sling/1.0" xmlns:cq="http://www.day.com/jcr/cq/1.0" xmlns:jcr="http://www.jcp.org/jcr/1.0" xmlns:nt="http://www.jcp.org/jcr/nt/1.0"
    jcr:primaryType="nt:unstructured"
    jcr:title="Gallery"
    sling:resourceType="cq/gui/components/authoring/dialog">
    <content
        jcr:primaryType="nt:unstructured"
        sling:resourceType="granite/ui/components/coral/foundation/container">
        <items jcr:primaryType="nt:unstructured">
            <tabs
                jcr:primaryType="nt:unstructured"
                sling:resourceType="granite/ui/components/coral/foundation/tabs">
                <items jcr:primaryType="nt:unstructured">
                    <dialog
                        jcr:primaryType="nt:unstructured"
                        jcr:title="Gallery Settings"
                        sling:resourceType="granite/ui/components/foundation/section">
                        <layout
                            jcr:primaryType="nt:unstructured"
                            sling:resourceType="granite/ui/components/foundation/layouts/fixedcolumns"/>
                        <items jcr:primaryType="nt:unstructured">
                            <column
                                jcr:primaryType="nt:unstructured"
                                sling:resourceType="granite/ui/components/coral/foundation/container">
                                <items jcr:primaryType="nt:unstructured">
                                    <phones
                                        jcr:primaryType="cq:Widget"
                                        sling:resourceType="granite/ui/components/coral/foundation/form/select"
                                        fieldLabel="Phone Images"
                                        name="./dropdown">
                                        <datasource 
                                            jcr:primaryType="nt:unstructured"
                                            sling:resourceType="/apps/crphone/components/datasource"/>
                                    </phones>
                                </items>
                            </column>
                        </items>
                    </dialog>
                </items>
            </tabs>
        </items>
    </content>
</jcr:root>
